{"en":{"concepts":{"GLYCOSYLATED_HEMOGLOBIN_A_MEASUREMENT_1_DESC":"Glycosylated hemoglobin A (HbA1c) test is measured in percent and is gives an indication of average serum glucose levels over several months.","SERUM_GLUTAMIC-OXALOACETIC_TRANSAMINASE_2_DESC":"Liver function test, which usually is used to detect liver injury.","SERUM_GLUTAMIC-OXALOACETIC_TRANSAMINASE_2":"Serum Glutamic-oxaloacetic Transaminase","GLYCOSYLATED_HEMOGLOBIN_A_MEASUREMENT_1":"glycosylated hemoglobin A measurement"},"labels":{}}}