{"en":{"concepts":{"CHRONIC_KIDNEY_DISEASE,_STAGE_II_(MILD)_4":"Chronic Kidney Disease, Stage II (Mild)","DIAGNOSIS_DATE_3":"Diagnosis date","CHRONIC_KIDNEY_DISEASE,_STAGE_II_(MILD)_5":"Chronic Kidney Disease, Stage II (Mild)","CO-MORBID_CONDITIONS_4":"Co-morbid conditions","CHRONIC_KIDNEY_DISEASE,_STAGE_IV_(SEVERE)_5":"Chronic Kidney Disease, Stage IV (Severe)","CONFIRMED_DIAGNOSIS_5_DESC":"The diagnosis is confirmed, not just presumed.","CONFIRMED_DIAGNOSIS_5":"Confirmed diagnosis","DIAGNOSIS_DATE_3_DESC":"The date the diagnosis was first made for the patient.","CHRONIC_KIDNEY_DISEASE,_STAGE_III_(MODERATE)_5":"Chronic Kidney Disease, Stage III (Moderate)","EPILEPSY_4":"Epilepsy"},"labels":{}}}